[
  {"nom": "Paris", "slug": "paris", "codePostal": "75000", "departement": "Paris", "region": "Île-de-France"},
  {"nom": "Marseille", "slug": "marseille", "codePostal": "13000", "departement": "Bouches-du-Rhône", "region": "Provence-Alpes-Côte d'Azur"},
  {"nom": "Lyon", "slug": "lyon", "codePostal": "69000", "departement": "Rhône", "region": "Auvergne-Rhône-Alpes"},
  {"nom": "Toulouse", "slug": "toulouse", "codePostal": "31000", "departement": "Haute-Garonne", "region": "Occitanie"},
  {"nom": "Nice", "slug": "nice", "codePostal": "06000", "departement": "Alpes-Maritimes", "region": "Provence-Alpes-Côte d'Azur"},
  {"nom": "Nantes", "slug": "nantes", "codePostal": "44000", "departement": "Loire-Atlantique", "region": "Pays de la Loire"},
  {"nom": "Strasbourg", "slug": "strasbourg", "codePostal": "67000", "departement": "Bas-Rhin", "region": "Grand Est"},
  {"nom": "Montpellier", "slug": "montpellier", "codePostal": "34000", "departement": "Hérault", "region": "Occitanie"},
  {"nom": "Bordeaux", "slug": "bordeaux", "codePostal": "33000", "departement": "Gironde", "region": "Nouvelle-Aquitaine"},
  {"nom": "Lille", "slug": "lille", "codePostal": "59000", "departement": "Nord", "region": "Hauts-de-France"},
  {"nom": "Rennes", "slug": "rennes", "codePostal": "35000", "departement": "Ille-et-Vilaine", "region": "Bretagne"},
  {"nom": "Reims", "slug": "reims", "codePostal": "51100", "departement": "Marne", "region": "Grand Est"},
  {"nom": "Le Havre", "slug": "le-havre", "codePostal": "76600", "departement": "Seine-Maritime", "region": "Normandie"},
  {"nom": "Saint-Étienne", "slug": "saint-etienne", "codePostal": "42000", "departement": "Loire", "region": "Auvergne-Rhône-Alpes"},
  {"nom": "Toulon", "slug": "toulon", "codePostal": "83000", "departement": "Var", "region": "Provence-Alpes-Côte d'Azur"},
  {"nom": "Grenoble", "slug": "grenoble", "codePostal": "38000", "departement": "Isère", "region": "Auvergne-Rhône-Alpes"},
  {"nom": "Dijon", "slug": "dijon", "codePostal": "21000", "departement": "Côte-d'Or", "region": "Bourgogne-Franche-Comté"},
  {"nom": "Angers", "slug": "angers", "codePostal": "49000", "departement": "Maine-et-Loire", "region": "Pays de la Loire"},
  {"nom": "Nîmes", "slug": "nimes", "codePostal": "30000", "departement": "Gard", "region": "Occitanie"},
  {"nom": "Villeurbanne", "slug": "villeurbanne", "codePostal": "69100", "departement": "Rhône", "region": "Auvergne-Rhône-Alpes"},
  {"nom": "Le Mans", "slug": "le-mans", "codePostal": "72000", "departement": "Sarthe", "region": "Pays de la Loire"},
  {"nom": "Aix-en-Provence", "slug": "aix-en-provence", "codePostal": "13100", "departement": "Bouches-du-Rhône", "region": "Provence-Alpes-Côte d'Azur"},
  {"nom": "Clermont-Ferrand", "slug": "clermont-ferrand", "codePostal": "63000", "departement": "Puy-de-Dôme", "region": "Auvergne-Rhône-Alpes"},
  {"nom": "Brest", "slug": "brest", "codePostal": "29200", "departement": "Finistère", "region": "Bretagne"},
  {"nom": "Tours", "slug": "tours", "codePostal": "37000", "departement": "Indre-et-Loire", "region": "Centre-Val de Loire"},
  {"nom": "Limoges", "slug": "limoges", "codePostal": "87000", "departement": "Haute-Vienne", "region": "Nouvelle-Aquitaine"},
  {"nom": "Amiens", "slug": "amiens", "codePostal": "80000", "departement": "Somme", "region": "Hauts-de-France"},
  {"nom": "Perpignan", "slug": "perpignan", "codePostal": "66000", "departement": "Pyrénées-Orientales", "region": "Occitanie"},
  {"nom": "Metz", "slug": "metz", "codePostal": "57000", "departement": "Moselle", "region": "Grand Est"},
  {"nom": "Besançon", "slug": "besancon", "codePostal": "25000", "departement": "Doubs", "region": "Bourgogne-Franche-Comté"},
  {"nom": "Orléans", "slug": "orleans", "codePostal": "45000", "departement": "Loiret", "region": "Centre-Val de Loire"},
  {"nom": "Rouen", "slug": "rouen", "codePostal": "76000", "departement": "Seine-Maritime", "region": "Normandie"},
  {"nom": "Mulhouse", "slug": "mulhouse", "codePostal": "68100", "departement": "Haut-Rhin", "region": "Grand Est"},
  {"nom": "Caen", "slug": "caen", "codePostal": "14000", "departement": "Calvados", "region": "Normandie"},
  {"nom": "Nancy", "slug": "nancy", "codePostal": "54000", "departement": "Meurthe-et-Moselle", "region": "Grand Est"},
  {"nom": "Saint-Denis", "slug": "saint-denis", "codePostal": "93200", "departement": "Seine-Saint-Denis", "region": "Île-de-France"},
  {"nom": "Argenteuil", "slug": "argenteuil", "codePostal": "95100", "departement": "Val-d'Oise", "region": "Île-de-France"},
  {"nom": "Montreuil", "slug": "montreuil", "codePostal": "93100", "departement": "Seine-Saint-Denis", "region": "Île-de-France"},
  {"nom": "Roubaix", "slug": "roubaix", "codePostal": "59100", "departement": "Nord", "region": "Hauts-de-France"},
  {"nom": "Tourcoing", "slug": "tourcoing", "codePostal": "59200", "departement": "Nord", "region": "Hauts-de-France"},
  {"nom": "Avignon", "slug": "avignon", "codePostal": "84000", "departement": "Vaucluse", "region": "Provence-Alpes-Côte d'Azur"},
  {"nom": "Dunkerque", "slug": "dunkerque", "codePostal": "59140", "departement": "Nord", "region": "Hauts-de-France"},
  {"nom": "Poitiers", "slug": "poitiers", "codePostal": "86000", "departement": "Vienne", "region": "Nouvelle-Aquitaine"},
  {"nom": "Versailles", "slug": "versailles", "codePostal": "78000", "departement": "Yvelines", "region": "Île-de-France"},
  {"nom": "Créteil", "slug": "creteil", "codePostal": "94000", "departement": "Val-de-Marne", "region": "Île-de-France"},
  {"nom": "Nanterre", "slug": "nanterre", "codePostal": "92000", "departement": "Hauts-de-Seine", "region": "Île-de-France"},
  {"nom": "Pau", "slug": "pau", "codePostal": "64000", "departement": "Pyrénées-Atlantiques", "region": "Nouvelle-Aquitaine"},
  {"nom": "La Rochelle", "slug": "la-rochelle", "codePostal": "17000", "departement": "Charente-Maritime", "region": "Nouvelle-Aquitaine"},
  {"nom": "Antibes", "slug": "antibes", "codePostal": "06600", "departement": "Alpes-Maritimes", "region": "Provence-Alpes-Côte d'Azur"},
  {"nom": "Boulogne-Billancourt", "slug": "boulogne-billancourt", "codePostal": "92100", "departement": "Hauts-de-Seine", "region": "Île-de-France"},
  {"nom": "Vitry-sur-Seine", "slug": "vitry-sur-seine", "codePostal": "94400", "departement": "Val-de-Marne", "region": "Île-de-France"},
  {"nom": "Colombes", "slug": "colombes", "codePostal": "92700", "departement": "Hauts-de-Seine", "region": "Île-de-France"},
  {"nom": "Asnières-sur-Seine", "slug": "asnieres-sur-seine", "codePostal": "92600", "departement": "Hauts-de-Seine", "region": "Île-de-France"},
  {"nom": "Aubervilliers", "slug": "aubervilliers", "codePostal": "93300", "departement": "Seine-Saint-Denis", "region": "Île-de-France"},
  {"nom": "Aulnay-sous-Bois", "slug": "aulnay-sous-bois", "codePostal": "93600", "departement": "Seine-Saint-Denis", "region": "Île-de-France"},
  {"nom": "Courbevoie", "slug": "courbevoie", "codePostal": "92400", "departement": "Hauts-de-Seine", "region": "Île-de-France"},
  {"nom": "Rueil-Malmaison", "slug": "rueil-malmaison", "codePostal": "92500", "departement": "Hauts-de-Seine", "region": "Île-de-France"},
  {"nom": "Champigny-sur-Marne", "slug": "champigny-sur-marne", "codePostal": "94500", "departement": "Val-de-Marne", "region": "Île-de-France"},
  {"nom": "Saint-Maur-des-Fossés", "slug": "saint-maur-des-fosses", "codePostal": "94100", "departement": "Val-de-Marne", "region": "Île-de-France"},
  {"nom": "Issy-les-Moulineaux", "slug": "issy-les-moulineaux", "codePostal": "92130", "departement": "Hauts-de-Seine", "region": "Île-de-France"},
  {"nom": "Levallois-Perret", "slug": "levallois-perret", "codePostal": "92300", "departement": "Hauts-de-Seine", "region": "Île-de-France"},
  {"nom": "Neuilly-sur-Seine", "slug": "neuilly-sur-seine", "codePostal": "92200", "departement": "Hauts-de-Seine", "region": "Île-de-France"},
  {"nom": "Villepinte", "slug": "villepinte", "codePostal": "93420", "departement": "Seine-Saint-Denis", "region": "Île-de-France"},
  {"nom": "Tremblay-en-France", "slug": "tremblay-en-france", "codePostal": "93290", "departement": "Seine-Saint-Denis", "region": "Île-de-France"},
  {"nom": "Sevran", "slug": "sevran", "codePostal": "93270", "departement": "Seine-Saint-Denis", "region": "Île-de-France"},
  {"nom": "Bondy", "slug": "bondy", "codePostal": "93140", "departement": "Seine-Saint-Denis", "region": "Île-de-France"},
  {"nom": "Bobigny", "slug": "bobigny", "codePostal": "93000", "departement": "Seine-Saint-Denis", "region": "Île-de-France"},
  {"nom": "Pantin", "slug": "pantin", "codePostal": "93500", "departement": "Seine-Saint-Denis", "region": "Île-de-France"},
  {"nom": "Drancy", "slug": "drancy", "codePostal": "93700", "departement": "Seine-Saint-Denis", "region": "Île-de-France"},
  {"nom": "Noisy-le-Grand", "slug": "noisy-le-grand", "codePostal": "93160", "departement": "Seine-Saint-Denis", "region": "Île-de-France"},
  {"nom": "Cergy", "slug": "cergy", "codePostal": "95000", "departement": "Val-d'Oise", "region": "Île-de-France"},
  {"nom": "Pontoise", "slug": "pontoise", "codePostal": "95300", "departement": "Val-d'Oise", "region": "Île-de-France"},
  {"nom": "Évry", "slug": "evry", "codePostal": "91000", "departement": "Essonne", "region": "Île-de-France"},
  {"nom": "Corbeil-Essonnes", "slug": "corbeil-essonnes", "codePostal": "91100", "departement": "Essonne", "region": "Île-de-France"},
  {"nom": "Massy", "slug": "massy", "codePostal": "91300", "departement": "Essonne", "region": "Île-de-France"},
  {"nom": "Palaiseau", "slug": "palaiseau", "codePostal": "91120", "departement": "Essonne", "region": "Île-de-France"},
  {"nom": "Sarcelles", "slug": "sarcelles", "codePostal": "95200", "departement": "Val-d'Oise", "region": "Île-de-France"},
  {"nom": "Garges-lès-Gonesse", "slug": "garges-les-gonesse", "codePostal": "95140", "departement": "Val-d'Oise", "region": "Île-de-France"},
  {"nom": "Épinay-sur-Seine", "slug": "epinay-sur-seine", "codePostal": "93800", "departement": "Seine-Saint-Denis", "region": "Île-de-France"},
  {"nom": "Saint-Ouen", "slug": "saint-ouen", "codePostal": "93400", "departement": "Seine-Saint-Denis", "region": "Île-de-France"},
  {"nom": "Clichy", "slug": "clichy", "codePostal": "92110", "departement": "Hauts-de-Seine", "region": "Île-de-France"},
  {"nom": "Gennevilliers", "slug": "gennevilliers", "codePostal": "92230", "departement": "Hauts-de-Seine", "region": "Île-de-France"},
  {"nom": "Clamart", "slug": "clamart", "codePostal": "92140", "departement": "Hauts-de-Seine", "region": "Île-de-France"},
  {"nom": "Fontenay-sous-Bois", "slug": "fontenay-sous-bois", "codePostal": "94120", "departement": "Val-de-Marne", "region": "Île-de-France"},
  {"nom": "Vincennes", "slug": "vincennes", "codePostal": "94300", "departement": "Val-de-Marne", "region": "Île-de-France"},
  {"nom": "Maisons-Alfort", "slug": "maisons-alfort", "codePostal": "94700", "departement": "Val-de-Marne", "region": "Île-de-France"},
  {"nom": "Meaux", "slug": "meaux", "codePostal": "77100", "departement": "Seine-et-Marne", "region": "Île-de-France"},
  {"nom": "Chelles", "slug": "chelles", "codePostal": "77500", "departement": "Seine-et-Marne", "region": "Île-de-France"},
  {"nom": "Melun", "slug": "melun", "codePostal": "77000", "departement": "Seine-et-Marne", "region": "Île-de-France"},
  {"nom": "Ivry-sur-Seine", "slug": "ivry-sur-seine", "codePostal": "94200", "departement": "Val-de-Marne", "region": "Île-de-France"},
  {"nom": "Cachan", "slug": "cachan", "codePostal": "94230", "departement": "Val-de-Marne", "region": "Île-de-France"},
  {"nom": "Villejuif", "slug": "villejuif", "codePostal": "94800", "departement": "Val-de-Marne", "region": "Île-de-France"},
  {"nom": "Antony", "slug": "antony", "codePostal": "92160", "departement": "Hauts-de-Seine", "region": "Île-de-France"},
  {"nom": "Bagneux", "slug": "bagneux", "codePostal": "92220", "departement": "Hauts-de-Seine", "region": "Île-de-France"},
  {"nom": "Malakoff", "slug": "malakoff", "codePostal": "92240", "departement": "Hauts-de-Seine", "region": "Île-de-France"},
  {"nom": "Montrouge", "slug": "montrouge", "codePostal": "92120", "departement": "Hauts-de-Seine", "region": "Île-de-France"},
  {"nom": "Châtillon", "slug": "chatillon", "codePostal": "92320", "departement": "Hauts-de-Seine", "region": "Île-de-France"},
  {"nom": "Vanves", "slug": "vanves", "codePostal": "92170", "departement": "Hauts-de-Seine", "region": "Île-de-France"},
  {"nom": "Suresnes", "slug": "suresnes", "codePostal": "92150", "departement": "Hauts-de-Seine", "region": "Île-de-France"},
  {"nom": "Puteaux", "slug": "puteaux", "codePostal": "92800", "departement": "Hauts-de-Seine", "region": "Île-de-France"},
  {"nom": "La Garenne-Colombes", "slug": "la-garenne-colombes", "codePostal": "92250", "departement": "Hauts-de-Seine", "region": "Île-de-France"},
  {"nom": "Bois-Colombes", "slug": "bois-colombes", "codePostal": "92270", "departement": "Hauts-de-Seine", "region": "Île-de-France"},
  {"nom": "Houilles", "slug": "houilles", "codePostal": "78800", "departement": "Yvelines", "region": "Île-de-France"},
  {"nom": "Sartrouville", "slug": "sartrouville", "codePostal": "78500", "departement": "Yvelines", "region": "Île-de-France"},
  {"nom": "Maisons-Laffitte", "slug": "maisons-laffitte", "codePostal": "78600", "departement": "Yvelines", "region": "Île-de-France"},
  {"nom": "Le Vésinet", "slug": "le-vesinet", "codePostal": "78110", "departement": "Yvelines", "region": "Île-de-France"},
  {"nom": "Saint-Germain-en-Laye", "slug": "saint-germain-en-laye", "codePostal": "78100", "departement": "Yvelines", "region": "Île-de-France"},
  {"nom": "Poissy", "slug": "poissy", "codePostal": "78300", "departement": "Yvelines", "region": "Île-de-France"},
  {"nom": "Conflans-Sainte-Honorine", "slug": "conflans-sainte-honorine", "codePostal": "78700", "departement": "Yvelines", "region": "Île-de-France"},
  {"nom": "Achères", "slug": "acheres", "codePostal": "78260", "departement": "Yvelines", "region": "Île-de-France"},
  {"nom": "Mantes-la-Jolie", "slug": "mantes-la-jolie", "codePostal": "78200", "departement": "Yvelines", "region": "Île-de-France"},
  {"nom": "Les Mureaux", "slug": "les-mureaux", "codePostal": "78130", "departement": "Yvelines", "region": "Île-de-France"},
  {"nom": "Rambouillet", "slug": "rambouillet", "codePostal": "78120", "departement": "Yvelines", "region": "Île-de-France"},
  {"nom": "Étampes", "slug": "etampes", "codePostal": "91150", "departement": "Essonne", "region": "Île-de-France"},
  {"nom": "Savigny-sur-Orge", "slug": "savigny-sur-orge", "codePostal": "91600", "departement": "Essonne", "region": "Île-de-France"},
  {"nom": "Athis-Mons", "slug": "athis-mons", "codePostal": "91200", "departement": "Essonne", "region": "Île-de-France"},
  {"nom": "Viry-Châtillon", "slug": "viry-chatillon", "codePostal": "91170", "departement": "Essonne", "region": "Île-de-France"},
  {"nom": "Grigny", "slug": "grigny", "codePostal": "91350", "departement": "Essonne", "region": "Île-de-France"},
  {"nom": "Ris-Orangis", "slug": "ris-orangis", "codePostal": "91130", "departement": "Essonne", "region": "Île-de-France"},
  {"nom": "Yerres", "slug": "yerres", "codePostal": "91330", "departement": "Essonne", "region": "Île-de-France"},
  {"nom": "Brunoy", "slug": "brunoy", "codePostal": "91800", "departement": "Essonne", "region": "Île-de-France"},
  {"nom": "Montgeron", "slug": "montgeron", "codePostal": "91230", "departement": "Essonne", "region": "Île-de-France"},
  {"nom": "Draveil", "slug": "draveil", "codePostal": "91210", "departement": "Essonne", "region": "Île-de-France"},
  {"nom": "Vigneux-sur-Seine", "slug": "vigneux-sur-seine", "codePostal": "91270", "departement": "Essonne", "region": "Île-de-France"},
  {"nom": "Villeneuve-Saint-Georges", "slug": "villeneuve-saint-georges", "codePostal": "94190", "departement": "Val-de-Marne", "region": "Île-de-France"},
  {"nom": "Alfortville", "slug": "alfortville", "codePostal": "94140", "departement": "Val-de-Marne", "region": "Île-de-France"},
  {"nom": "Charenton-le-Pont", "slug": "charenton-le-pont", "codePostal": "94220", "departement": "Val-de-Marne", "region": "Île-de-France"},
  {"nom": "Saint-Mandé", "slug": "saint-mande", "codePostal": "94160", "departement": "Val-de-Marne", "region": "Île-de-France"},
  {"nom": "Le Kremlin-Bicêtre", "slug": "le-kremlin-bicetre", "codePostal": "94270", "departement": "Val-de-Marne", "region": "Île-de-France"},
  {"nom": "Gentilly", "slug": "gentilly", "codePostal": "94250", "departement": "Val-de-Marne", "region": "Île-de-France"},
  {"nom": "Arcueil", "slug": "arcueil", "codePostal": "94110", "departement": "Val-de-Marne", "region": "Île-de-France"},
  {"nom": "Fresnes", "slug": "fresnes", "codePostal": "94260", "departement": "Val-de-Marne", "region": "Île-de-France"},
  {"nom": "L'Haÿ-les-Roses", "slug": "l-hay-les-roses", "codePostal": "94240", "departement": "Val-de-Marne", "region": "Île-de-France"},
  {"nom": "Chevilly-Larue", "slug": "chevilly-larue", "codePostal": "94550", "departement": "Val-de-Marne", "region": "Île-de-France"},
  {"nom": "Thiais", "slug": "thiais", "codePostal": "94320", "departement": "Val-de-Marne", "region": "Île-de-France"},
  {"nom": "Orly", "slug": "orly", "codePostal": "94310", "departement": "Val-de-Marne", "region": "Île-de-France"},
  {"nom": "Choisy-le-Roi", "slug": "choisy-le-roi", "codePostal": "94600", "departement": "Val-de-Marne", "region": "Île-de-France"},
  {"nom": "Valenton", "slug": "valenton", "codePostal": "94460", "departement": "Val-de-Marne", "region": "Île-de-France"},
  {"nom": "Limeil-Brévannes", "slug": "limeil-brevannes", "codePostal": "94450", "departement": "Val-de-Marne", "region": "Île-de-France"},
  {"nom": "Boissy-Saint-Léger", "slug": "boissy-saint-leger", "codePostal": "94470", "departement": "Val-de-Marne", "region": "Île-de-France"},
  {"nom": "Sucy-en-Brie", "slug": "sucy-en-brie", "codePostal": "94370", "departement": "Val-de-Marne", "region": "Île-de-France"},
  {"nom": "Villiers-sur-Marne", "slug": "villiers-sur-marne", "codePostal": "94350", "departement": "Val-de-Marne", "region": "Île-de-France"},
  {"nom": "Nogent-sur-Marne", "slug": "nogent-sur-marne", "codePostal": "94130", "departement": "Val-de-Marne", "region": "Île-de-France"},
  {"nom": "Le Perreux-sur-Marne", "slug": "le-perreux-sur-marne", "codePostal": "94170", "departement": "Val-de-Marne", "region": "Île-de-France"},
  {"nom": "Joinville-le-Pont", "slug": "joinville-le-pont", "codePostal": "94340", "departement": "Val-de-Marne", "region": "Île-de-France"},
  {"nom": "Chennevières-sur-Marne", "slug": "chennevieres-sur-marne", "codePostal": "94430", "departement": "Val-de-Marne", "region": "Île-de-France"},
  {"nom": "Ormesson-sur-Marne", "slug": "ormesson-sur-marne", "codePostal": "94490", "departement": "Val-de-Marne", "region": "Île-de-France"},
  {"nom": "Le Plessis-Trévise", "slug": "le-plessis-trevise", "codePostal": "94420", "departement": "Val-de-Marne", "region": "Île-de-France"},
  {"nom": "La Queue-en-Brie", "slug": "la-queue-en-brie", "codePostal": "94510", "departement": "Val-de-Marne", "region": "Île-de-France"},
  {"nom": "Pontault-Combault", "slug": "pontault-combault", "codePostal": "77340", "departement": "Seine-et-Marne", "region": "Île-de-France"},
  {"nom": "Roissy-en-Brie", "slug": "roissy-en-brie", "codePostal": "77680", "departement": "Seine-et-Marne", "region": "Île-de-France"},
  {"nom": "Ozoir-la-Ferrière", "slug": "ozoir-la-ferriere", "codePostal": "77330", "departement": "Seine-et-Marne", "region": "Île-de-France"},
  {"nom": "Lognes", "slug": "lognes", "codePostal": "77185", "departement": "Seine-et-Marne", "region": "Île-de-France"},
  {"nom": "Torcy", "slug": "torcy", "codePostal": "77200", "departement": "Seine-et-Marne", "region": "Île-de-France"},
  {"nom": "Noisiel", "slug": "noisiel", "codePostal": "77186", "departement": "Seine-et-Marne", "region": "Île-de-France"},
  {"nom": "Champs-sur-Marne", "slug": "champs-sur-marne", "codePostal": "77420", "departement": "Seine-et-Marne", "region": "Île-de-France"},
  {"nom": "Bussy-Saint-Georges", "slug": "bussy-saint-georges", "codePostal": "77600", "departement": "Seine-et-Marne", "region": "Île-de-France"},
  {"nom": "Lagny-sur-Marne", "slug": "lagny-sur-marne", "codePostal": "77400", "departement": "Seine-et-Marne", "region": "Île-de-France"},
  {"nom": "Thorigny-sur-Marne", "slug": "thorigny-sur-marne", "codePostal": "77400", "departement": "Seine-et-Marne", "region": "Île-de-France"},
  {"nom": "Claye-Souilly", "slug": "claye-souilly", "codePostal": "77410", "departement": "Seine-et-Marne", "region": "Île-de-France"},
  {"nom": "Mitry-Mory", "slug": "mitry-mory", "codePostal": "77290", "departement": "Seine-et-Marne", "region": "Île-de-France"},
  {"nom": "Villeparisis", "slug": "villeparisis", "codePostal": "77270", "departement": "Seine-et-Marne", "region": "Île-de-France"},
  {"nom": "Livry-Gargan", "slug": "livry-gargan", "codePostal": "93190", "departement": "Seine-Saint-Denis", "region": "Île-de-France"},
  {"nom": "Le Raincy", "slug": "le-raincy", "codePostal": "93340", "departement": "Seine-Saint-Denis", "region": "Île-de-France"},
  {"nom": "Gagny", "slug": "gagny", "codePostal": "93220", "departement": "Seine-Saint-Denis", "region": "Île-de-France"},
  {"nom": "Rosny-sous-Bois", "slug": "rosny-sous-bois", "codePostal": "93110", "departement": "Seine-Saint-Denis", "region": "Île-de-France"},
  {"nom": "Villemomble", "slug": "villemomble", "codePostal": "93250", "departement": "Seine-Saint-Denis", "region": "Île-de-France"},
  {"nom": "Le Blanc-Mesnil", "slug": "le-blanc-mesnil", "codePostal": "93150", "departement": "Seine-Saint-Denis", "region": "Île-de-France"},
  {"nom": "Dugny", "slug": "dugny", "codePostal": "93440", "departement": "Seine-Saint-Denis", "region": "Île-de-France"},
  {"nom": "La Courneuve", "slug": "la-courneuve", "codePostal": "93120", "departement": "Seine-Saint-Denis", "region": "Île-de-France"},
  {"nom": "Stains", "slug": "stains", "codePostal": "93240", "departement": "Seine-Saint-Denis", "region": "Île-de-France"},
  {"nom": "Pierrefitte-sur-Seine", "slug": "pierrefitte-sur-seine", "codePostal": "93380", "departement": "Seine-Saint-Denis", "region": "Île-de-France"},
  {"nom": "Saint-Gratien", "slug": "saint-gratien", "codePostal": "95210", "departement": "Val-d'Oise", "region": "Île-de-France"},
  {"nom": "Enghien-les-Bains", "slug": "enghien-les-bains", "codePostal": "95880", "departement": "Val-d'Oise", "region": "Île-de-France"},
  {"nom": "Montmorency", "slug": "montmorency", "codePostal": "95160", "departement": "Val-d'Oise", "region": "Île-de-France"},
  {"nom": "Deuil-la-Barre", "slug": "deuil-la-barre", "codePostal": "95170", "departement": "Val-d'Oise", "region": "Île-de-France"},
  {"nom": "Groslay", "slug": "groslay", "codePostal": "95410", "departement": "Val-d'Oise", "region": "Île-de-France"},
  {"nom": "Sannois", "slug": "sannois", "codePostal": "95110", "departement": "Val-d'Oise", "region": "Île-de-France"},
  {"nom": "Franconville", "slug": "franconville", "codePostal": "95130", "departement": "Val-d'Oise", "region": "Île-de-France"},
  {"nom": "Ermont", "slug": "ermont", "codePostal": "95120", "departement": "Val-d'Oise", "region": "Île-de-France"},
  {"nom": "Eaubonne", "slug": "eaubonne", "codePostal": "95600", "departement": "Val-d'Oise", "region": "Île-de-France"},
  {"nom": "Montigny-lès-Cormeilles", "slug": "montigny-les-cormeilles", "codePostal": "95370", "departement": "Val-d'Oise", "region": "Île-de-France"},
  {"nom": "Cormeilles-en-Parisis", "slug": "cormeilles-en-parisis", "codePostal": "95240", "departement": "Val-d'Oise", "region": "Île-de-France"},
  {"nom": "Herblay", "slug": "herblay", "codePostal": "95220", "departement": "Val-d'Oise", "region": "Île-de-France"},
  {"nom": "Taverny", "slug": "taverny", "codePostal": "95150", "departement": "Val-d'Oise", "region": "Île-de-France"},
  {"nom": "Bessancourt", "slug": "bessancourt", "codePostal": "95550", "departement": "Val-d'Oise", "region": "Île-de-France"},
  {"nom": "Saint-Leu-la-Forêt", "slug": "saint-leu-la-foret", "codePostal": "95320", "departement": "Val-d'Oise", "region": "Île-de-France"},
  {"nom": "Domont", "slug": "domont", "codePostal": "95330", "departement": "Val-d'Oise", "region": "Île-de-France"},
  {"nom": "Goussainville", "slug": "goussainville", "codePostal": "95190", "departement": "Val-d'Oise", "region": "Île-de-France"},
  {"nom": "Gonesse", "slug": "gonesse", "codePostal": "95500", "departement": "Val-d'Oise", "region": "Île-de-France"},
  {"nom": "Arnouville", "slug": "arnouville", "codePostal": "95400", "departement": "Val-d'Oise", "region": "Île-de-France"},
  {"nom": "Villiers-le-Bel", "slug": "villiers-le-bel", "codePostal": "95400", "departement": "Val-d'Oise", "region": "Île-de-France"},
  {"nom": "Calais", "slug": "calais", "codePostal": "62100", "departement": "Pas-de-Calais", "region": "Hauts-de-France"},
  {"nom": "Béziers", "slug": "beziers", "codePostal": "34500", "departement": "Hérault", "region": "Occitanie"},
  {"nom": "Saint-Quentin", "slug": "saint-quentin", "codePostal": "02100", "departement": "Aisne", "region": "Hauts-de-France"},
  {"nom": "Troyes", "slug": "troyes", "codePostal": "10000", "departement": "Aube", "region": "Grand Est"},
  {"nom": "La Seyne-sur-Mer", "slug": "la-seyne-sur-mer", "codePostal": "83500", "departement": "Var", "region": "Provence-Alpes-Côte d'Azur"},
  {"nom": "Hyères", "slug": "hyeres", "codePostal": "83400", "departement": "Var", "region": "Provence-Alpes-Côte d'Azur"},
  {"nom": "Cagnes-sur-Mer", "slug": "cagnes-sur-mer", "codePostal": "06800", "departement": "Alpes-Maritimes", "region": "Provence-Alpes-Côte d'Azur"},
  {"nom": "Fréjus", "slug": "frejus", "codePostal": "83600", "departement": "Var", "region": "Provence-Alpes-Côte d'Azur"},
  {"nom": "Cannes", "slug": "cannes", "codePostal": "06400", "departement": "Alpes-Maritimes", "region": "Provence-Alpes-Côte d'Azur"},
  {"nom": "Grasse", "slug": "grasse", "codePostal": "06130", "departement": "Alpes-Maritimes", "region": "Provence-Alpes-Côte d'Azur"},
  {"nom": "Draguignan", "slug": "draguignan", "codePostal": "83300", "departement": "Var", "region": "Provence-Alpes-Côte d'Azur"},
  {"nom": "Arles", "slug": "arles", "codePostal": "13200", "departement": "Bouches-du-Rhône", "region": "Provence-Alpes-Côte d'Azur"},
  {"nom": "Martigues", "slug": "martigues", "codePostal": "13500", "departement": "Bouches-du-Rhône", "region": "Provence-Alpes-Côte d'Azur"},
  {"nom": "Istres", "slug": "istres", "codePostal": "13800", "departement": "Bouches-du-Rhône", "region": "Provence-Alpes-Côte d'Azur"},
  {"nom": "Salon-de-Provence", "slug": "salon-de-provence", "codePostal": "13300", "departement": "Bouches-du-Rhône", "region": "Provence-Alpes-Côte d'Azur"},
  {"nom": "Aubagne", "slug": "aubagne", "codePostal": "13400", "departement": "Bouches-du-Rhône", "region": "Provence-Alpes-Côte d'Azur"},
  {"nom": "Cavaillon", "slug": "cavaillon", "codePostal": "84300", "departement": "Vaucluse", "region": "Provence-Alpes-Côte d'Azur"},
  {"nom": "Orange", "slug": "orange", "codePostal": "84100", "departement": "Vaucluse", "region": "Provence-Alpes-Côte d'Azur"},
  {"nom": "Carpentras", "slug": "carpentras", "codePostal": "84200", "departement": "Vaucluse", "region": "Provence-Alpes-Côte d'Azur"},
  {"nom": "Sète", "slug": "sete", "codePostal": "34200", "departement": "Hérault", "region": "Occitanie"},
  {"nom": "Agde", "slug": "agde", "codePostal": "34300", "departement": "Hérault", "region": "Occitanie"},
  {"nom": "Narbonne", "slug": "narbonne", "codePostal": "11100", "departement": "Aude", "region": "Occitanie"},
  {"nom": "Carcassonne", "slug": "carcassonne", "codePostal": "11000", "departement": "Aude", "region": "Occitanie"},
  {"nom": "Albi", "slug": "albi", "codePostal": "81000", "departement": "Tarn", "region": "Occitanie"},
  {"nom": "Castres", "slug": "castres", "codePostal": "81100", "departement": "Tarn", "region": "Occitanie"},
  {"nom": "Montauban", "slug": "montauban", "codePostal": "82000", "departement": "Tarn-et-Garonne", "region": "Occitanie"},
  {"nom": "Tarbes", "slug": "tarbes", "codePostal": "65000", "departement": "Hautes-Pyrénées", "region": "Occitanie"},
  {"nom": "Lourdes", "slug": "lourdes", "codePostal": "65100", "departement": "Hautes-Pyrénées", "region": "Occitanie"},
  {"nom": "Bayonne", "slug": "bayonne", "codePostal": "64100", "departement": "Pyrénées-Atlantiques", "region": "Nouvelle-Aquitaine"},
  {"nom": "Anglet", "slug": "anglet", "codePostal": "64600", "departement": "Pyrénées-Atlantiques", "region": "Nouvelle-Aquitaine"},
  {"nom": "Biarritz", "slug": "biarritz", "codePostal": "64200", "departement": "Pyrénées-Atlantiques", "region": "Nouvelle-Aquitaine"},
  {"nom": "Agen", "slug": "agen", "codePostal": "47000", "departement": "Lot-et-Garonne", "region": "Nouvelle-Aquitaine"},
  {"nom": "Périgueux", "slug": "perigueux", "codePostal": "24000", "departement": "Dordogne", "region": "Nouvelle-Aquitaine"},
  {"nom": "Bergerac", "slug": "bergerac", "codePostal": "24100", "departement": "Dordogne", "region": "Nouvelle-Aquitaine"},
  {"nom": "Brive-la-Gaillarde", "slug": "brive-la-gaillarde", "codePostal": "19100", "departement": "Corrèze", "region": "Nouvelle-Aquitaine"},
  {"nom": "Tulle", "slug": "tulle", "codePostal": "19000", "departement": "Corrèze", "region": "Nouvelle-Aquitaine"},
  {"nom": "Châteauroux", "slug": "chateauroux", "codePostal": "36000", "departement": "Indre", "region": "Centre-Val de Loire"},
  {"nom": "Bourges", "slug": "bourges", "codePostal": "18000", "departement": "Cher", "region": "Centre-Val de Loire"},
  {"nom": "Nevers", "slug": "nevers", "codePostal": "58000", "departement": "Nièvre", "region": "Bourgogne-Franche-Comté"},
  {"nom": "Auxerre", "slug": "auxerre", "codePostal": "89000", "departement": "Yonne", "region": "Bourgogne-Franche-Comté"},
  {"nom": "Sens", "slug": "sens", "codePostal": "89100", "departement": "Yonne", "region": "Bourgogne-Franche-Comté"},
  {"nom": "Chalon-sur-Saône", "slug": "chalon-sur-saone", "codePostal": "71100", "departement": "Saône-et-Loire", "region": "Bourgogne-Franche-Comté"},
  {"nom": "Mâcon", "slug": "macon", "codePostal": "71000", "departement": "Saône-et-Loire", "region": "Bourgogne-Franche-Comté"},
  {"nom": "Le Creusot", "slug": "le-creusot", "codePostal": "71200", "departement": "Saône-et-Loire", "region": "Bourgogne-Franche-Comté"},
  {"nom": "Montceau-les-Mines", "slug": "montceau-les-mines", "codePostal": "71300", "departement": "Saône-et-Loire", "region": "Bourgogne-Franche-Comté"},
  {"nom": "Beaune", "slug": "beaune", "codePostal": "21200", "departement": "Côte-d'Or", "region": "Bourgogne-Franche-Comté"},
  {"nom": "Dole", "slug": "dole", "codePostal": "39100", "departement": "Jura", "region": "Bourgogne-Franche-Comté"},
  {"nom": "Lons-le-Saunier", "slug": "lons-le-saunier", "codePostal": "39000", "departement": "Jura", "region": "Bourgogne-Franche-Comté"},
  {"nom": "Belfort", "slug": "belfort", "codePostal": "90000", "departement": "Territoire de Belfort", "region": "Bourgogne-Franche-Comté"},
  {"nom": "Montbéliard", "slug": "montbeliard", "codePostal": "25200", "departement": "Doubs", "region": "Bourgogne-Franche-Comté"},
  {"nom": "Vesoul", "slug": "vesoul", "codePostal": "70000", "departement": "Haute-Saône", "region": "Bourgogne-Franche-Comté"},
  {"nom": "Épinal", "slug": "epinal", "codePostal": "88000", "departement": "Vosges", "region": "Grand Est"},
  {"nom": "Saint-Dié-des-Vosges", "slug": "saint-die-des-vosges", "codePostal": "88100", "departement": "Vosges", "region": "Grand Est"},
  {"nom": "Thionville", "slug": "thionville", "codePostal": "57100", "departement": "Moselle", "region": "Grand Est"},
  {"nom": "Forbach", "slug": "forbach", "codePostal": "57600", "departement": "Moselle", "region": "Grand Est"},
  {"nom": "Sarreguemines", "slug": "sarreguemines", "codePostal": "57200", "departement": "Moselle", "region": "Grand Est"},
  {"nom": "Haguenau", "slug": "haguenau", "codePostal": "67500", "departement": "Bas-Rhin", "region": "Grand Est"},
  {"nom": "Schiltigheim", "slug": "schiltigheim", "codePostal": "67300", "departement": "Bas-Rhin", "region": "Grand Est"},
  {"nom": "Illkirch-Graffenstaden", "slug": "illkirch-graffenstaden", "codePostal": "67400", "departement": "Bas-Rhin", "region": "Grand Est"},
  {"nom": "Sélestat", "slug": "selestat", "codePostal": "67600", "departement": "Bas-Rhin", "region": "Grand Est"},
  {"nom": "Colmar", "slug": "colmar", "codePostal": "68000", "departement": "Haut-Rhin", "region": "Grand Est"},
  {"nom": "Saint-Louis", "slug": "saint-louis", "codePostal": "68300", "departement": "Haut-Rhin", "region": "Grand Est"},
  {"nom": "Charleville-Mézières", "slug": "charleville-mezieres", "codePostal": "08000", "departement": "Ardennes", "region": "Grand Est"},
  {"nom": "Sedan", "slug": "sedan", "codePostal": "08200", "departement": "Ardennes", "region": "Grand Est"},
  {"nom": "Châlons-en-Champagne", "slug": "chalons-en-champagne", "codePostal": "51000", "departement": "Marne", "region": "Grand Est"},
  {"nom": "Épernay", "slug": "epernay", "codePostal": "51200", "departement": "Marne", "region": "Grand Est"},
  {"nom": "Saint-Dizier", "slug": "saint-dizier", "codePostal": "52100", "departement": "Haute-Marne", "region": "Grand Est"},
  {"nom": "Chaumont", "slug": "chaumont", "codePostal": "52000", "departement": "Haute-Marne", "region": "Grand Est"},
  {"nom": "Compiègne", "slug": "compiegne", "codePostal": "60200", "departement": "Oise", "region": "Hauts-de-France"},
  {"nom": "Creil", "slug": "creil", "codePostal": "60100", "departement": "Oise", "region": "Hauts-de-France"},
  {"nom": "Senlis", "slug": "senlis", "codePostal": "60300", "departement": "Oise", "region": "Hauts-de-France"},
  {"nom": "Beauvais", "slug": "beauvais", "codePostal": "60000", "departement": "Oise", "region": "Hauts-de-France"},
  {"nom": "Laon", "slug": "laon", "codePostal": "02000", "departement": "Aisne", "region": "Hauts-de-France"},
  {"nom": "Soissons", "slug": "soissons", "codePostal": "02200", "departement": "Aisne", "region": "Hauts-de-France"},
  {"nom": "Cambrai", "slug": "cambrai", "codePostal": "59400", "departement": "Nord", "region": "Hauts-de-France"},
  {"nom": "Douai", "slug": "douai", "codePostal": "59500", "departement": "Nord", "region": "Hauts-de-France"},
  {"nom": "Valenciennes", "slug": "valenciennes", "codePostal": "59300", "departement": "Nord", "region": "Hauts-de-France"},
  {"nom": "Maubeuge", "slug": "maubeuge", "codePostal": "59600", "departement": "Nord", "region": "Hauts-de-France"},
  {"nom": "Arras", "slug": "arras", "codePostal": "62000", "departement": "Pas-de-Calais", "region": "Hauts-de-France"},
  {"nom": "Lens", "slug": "lens", "codePostal": "62300", "departement": "Pas-de-Calais", "region": "Hauts-de-France"},
  {"nom": "Béthune", "slug": "bethune", "codePostal": "62400", "departement": "Pas-de-Calais", "region": "Hauts-de-France"},
  {"nom": "Boulogne-sur-Mer", "slug": "boulogne-sur-mer", "codePostal": "62200", "departement": "Pas-de-Calais", "region": "Hauts-de-France"},
  {"nom": "Saint-Omer", "slug": "saint-omer", "codePostal": "62500", "departement": "Pas-de-Calais", "region": "Hauts-de-France"},
  {"nom": "Cherbourg", "slug": "cherbourg", "codePostal": "50100", "departement": "Manche", "region": "Normandie"},
  {"nom": "Saint-Lô", "slug": "saint-lo", "codePostal": "50000", "departement": "Manche", "region": "Normandie"},
  {"nom": "Granville", "slug": "granville", "codePostal": "50400", "departement": "Manche", "region": "Normandie"},
  {"nom": "Alençon", "slug": "alencon", "codePostal": "61000", "departement": "Orne", "region": "Normandie"},
  {"nom": "Flers", "slug": "flers", "codePostal": "61100", "departement": "Orne", "region": "Normandie"},
  {"nom": "Lisieux", "slug": "lisieux", "codePostal": "14100", "departement": "Calvados", "region": "Normandie"},
  {"nom": "Évreux", "slug": "evreux", "codePostal": "27000", "departement": "Eure", "region": "Normandie"},
  {"nom": "Vernon", "slug": "vernon", "codePostal": "27200", "departement": "Eure", "region": "Normandie"},
  {"nom": "Louviers", "slug": "louviers", "codePostal": "27400", "departement": "Eure", "region": "Normandie"},
  {"nom": "Elbeuf", "slug": "elbeuf", "codePostal": "76500", "departement": "Seine-Maritime", "region": "Normandie"},
  {"nom": "Dieppe", "slug": "dieppe", "codePostal": "76200", "departement": "Seine-Maritime", "region": "Normandie"},
  {"nom": "Fécamp", "slug": "fecamp", "codePostal": "76400", "departement": "Seine-Maritime", "region": "Normandie"},
  {"nom": "Chartres", "slug": "chartres", "codePostal": "28000", "departement": "Eure-et-Loir", "region": "Centre-Val de Loire"},
  {"nom": "Dreux", "slug": "dreux", "codePostal": "28100", "departement": "Eure-et-Loir", "region": "Centre-Val de Loire"},
  {"nom": "Blois", "slug": "blois", "codePostal": "41000", "departement": "Loir-et-Cher", "region": "Centre-Val de Loire"},
  {"nom": "Vendôme", "slug": "vendome", "codePostal": "41100", "departement": "Loir-et-Cher", "region": "Centre-Val de Loire"},
  {"nom": "Châteaudun", "slug": "chateaudun", "codePostal": "28200", "departement": "Eure-et-Loir", "region": "Centre-Val de Loire"},
  {"nom": "Romorantin-Lanthenay", "slug": "romorantin-lanthenay", "codePostal": "41200", "departement": "Loir-et-Cher", "region": "Centre-Val de Loire"},
  {"nom": "Vierzon", "slug": "vierzon", "codePostal": "18100", "departement": "Cher", "region": "Centre-Val de Loire"},
  {"nom": "Saint-Amand-Montrond", "slug": "saint-amand-montrond", "codePostal": "18200", "departement": "Cher", "region": "Centre-Val de Loire"},
  {"nom": "Montluçon", "slug": "montlucon", "codePostal": "03100", "departement": "Allier", "region": "Auvergne-Rhône-Alpes"},
  {"nom": "Vichy", "slug": "vichy", "codePostal": "03200", "departement": "Allier", "region": "Auvergne-Rhône-Alpes"},
  {"nom": "Moulins", "slug": "moulins", "codePostal": "03000", "departement": "Allier", "region": "Auvergne-Rhône-Alpes"},
  {"nom": "Roanne", "slug": "roanne", "codePostal": "42300", "departement": "Loire", "region": "Auvergne-Rhône-Alpes"},
  {"nom": "Saint-Chamond", "slug": "saint-chamond", "codePostal": "42400", "departement": "Loire", "region": "Auvergne-Rhône-Alpes"},
  {"nom": "Firminy", "slug": "firminy", "codePostal": "42700", "departement": "Loire", "region": "Auvergne-Rhône-Alpes"},
  {"nom": "Valence", "slug": "valence", "codePostal": "26000", "departement": "Drôme", "region": "Auvergne-Rhône-Alpes"},
  {"nom": "Romans-sur-Isère", "slug": "romans-sur-isere", "codePostal": "26100", "departement": "Drôme", "region": "Auvergne-Rhône-Alpes"},
  {"nom": "Montélimar", "slug": "montelimar", "codePostal": "26200", "departement": "Drôme", "region": "Auvergne-Rhône-Alpes"},
  {"nom": "Vienne", "slug": "vienne", "codePostal": "38200", "departement": "Isère", "region": "Auvergne-Rhône-Alpes"},
  {"nom": "Bourgoin-Jallieu", "slug": "bourgoin-jallieu", "codePostal": "38300", "departement": "Isère", "region": "Auvergne-Rhône-Alpes"},
  {"nom": "Voiron", "slug": "voiron", "codePostal": "38500", "departement": "Isère", "region": "Auvergne-Rhône-Alpes"},
  {"nom": "Chambéry", "slug": "chambery", "codePostal": "73000", "departement": "Savoie", "region": "Auvergne-Rhône-Alpes"},
  {"nom": "Aix-les-Bains", "slug": "aix-les-bains", "codePostal": "73100", "departement": "Savoie", "region": "Auvergne-Rhône-Alpes"},
  {"nom": "Annecy", "slug": "annecy", "codePostal": "74000", "departement": "Haute-Savoie", "region": "Auvergne-Rhône-Alpes"},
  {"nom": "Thonon-les-Bains", "slug": "thonon-les-bains", "codePostal": "74200", "departement": "Haute-Savoie", "region": "Auvergne-Rhône-Alpes"},
  {"nom": "Annemasse", "slug": "annemasse", "codePostal": "74100", "departement": "Haute-Savoie", "region": "Auvergne-Rhône-Alpes"},
  {"nom": "Cluses", "slug": "cluses", "codePostal": "74300", "departement": "Haute-Savoie", "region": "Auvergne-Rhône-Alpes"},
  {"nom": "Sallanches", "slug": "sallanches", "codePostal": "74700", "departement": "Haute-Savoie", "region": "Auvergne-Rhône-Alpes"},
  {"nom": "Chamonix", "slug": "chamonix", "codePostal": "74400", "departement": "Haute-Savoie", "region": "Auvergne-Rhône-Alpes"},
  {"nom": "Albertville", "slug": "albertville", "codePostal": "73200", "departement": "Savoie", "region": "Auvergne-Rhône-Alpes"},
  {"nom": "Saint-Jean-de-Maurienne", "slug": "saint-jean-de-maurienne", "codePostal": "73300", "departement": "Savoie", "region": "Auvergne-Rhône-Alpes"},
  {"nom": "Bourg-en-Bresse", "slug": "bourg-en-bresse", "codePostal": "01000", "departement": "Ain", "region": "Auvergne-Rhône-Alpes"},
  {"nom": "Oyonnax", "slug": "oyonnax", "codePostal": "01100", "departement": "Ain", "region": "Auvergne-Rhône-Alpes"},
  {"nom": "Villefranche-sur-Saône", "slug": "villefranche-sur-saone", "codePostal": "69400", "departement": "Rhône", "region": "Auvergne-Rhône-Alpes"},
  {"nom": "Tarare", "slug": "tarare", "codePostal": "69170", "departement": "Rhône", "region": "Auvergne-Rhône-Alpes"},
  {"nom": "Vénissieux", "slug": "venissieux", "codePostal": "69200", "departement": "Rhône", "region": "Auvergne-Rhône-Alpes"},
  {"nom": "Saint-Priest", "slug": "saint-priest", "codePostal": "69800", "departement": "Rhône", "region": "Auvergne-Rhône-Alpes"},
  {"nom": "Vaulx-en-Velin", "slug": "vaulx-en-velin", "codePostal": "69120", "departement": "Rhône", "region": "Auvergne-Rhône-Alpes"},
  {"nom": "Bron", "slug": "bron", "codePostal": "69500", "departement": "Rhône", "region": "Auvergne-Rhône-Alpes"},
  {"nom": "Caluire-et-Cuire", "slug": "caluire-et-cuire", "codePostal": "69300", "departement": "Rhône", "region": "Auvergne-Rhône-Alpes"},
  {"nom": "Oullins", "slug": "oullins", "codePostal": "69600", "departement": "Rhône", "region": "Auvergne-Rhône-Alpes"},
  {"nom": "Saint-Fons", "slug": "saint-fons", "codePostal": "69190", "departement": "Rhône", "region": "Auvergne-Rhône-Alpes"},
  {"nom": "Rillieux-la-Pape", "slug": "rillieux-la-pape", "codePostal": "69140", "departement": "Rhône", "region": "Auvergne-Rhône-Alpes"},
  {"nom": "Décines-Charpieu", "slug": "decines-charpieu", "codePostal": "69150", "departement": "Rhône", "region": "Auvergne-Rhône-Alpes"},
  {"nom": "Meyzieu", "slug": "meyzieu", "codePostal": "69330", "departement": "Rhône", "region": "Auvergne-Rhône-Alpes"},
  {"nom": "Givors", "slug": "givors", "codePostal": "69700", "departement": "Rhône", "region": "Auvergne-Rhône-Alpes"},
  {"nom": "Saint-Étienne-du-Rouvray", "slug": "saint-etienne-du-rouvray", "codePostal": "76800", "departement": "Seine-Maritime", "region": "Normandie"},
  {"nom": "Le Grand-Quevilly", "slug": "le-grand-quevilly", "codePostal": "76120", "departement": "Seine-Maritime", "region": "Normandie"},
  {"nom": "Le Petit-Quevilly", "slug": "le-petit-quevilly", "codePostal": "76140", "departement": "Seine-Maritime", "region": "Normandie"},
  {"nom": "Sotteville-lès-Rouen", "slug": "sotteville-les-rouen", "codePostal": "76300", "departement": "Seine-Maritime", "region": "Normandie"},
  {"nom": "Déville-lès-Rouen", "slug": "deville-les-rouen", "codePostal": "76250", "departement": "Seine-Maritime", "region": "Normandie"},
  {"nom": "Canteleu", "slug": "canteleu", "codePostal": "76380", "departement": "Seine-Maritime", "region": "Normandie"},
  {"nom": "Mont-Saint-Aignan", "slug": "mont-saint-aignan", "codePostal": "76130", "departement": "Seine-Maritime", "region": "Normandie"},
  {"nom": "Bois-Guillaume", "slug": "bois-guillaume", "codePostal": "76230", "departement": "Seine-Maritime", "region": "Normandie"},
  {"nom": "Barentin", "slug": "barentin", "codePostal": "76360", "departement": "Seine-Maritime", "region": "Normandie"},
  {"nom": "Yvetot", "slug": "yvetot", "codePostal": "76190", "departement": "Seine-Maritime", "region": "Normandie"},
  {"nom": "Bolbec", "slug": "bolbec", "codePostal": "76210", "departement": "Seine-Maritime", "region": "Normandie"},
  {"nom": "Lillebonne", "slug": "lillebonne", "codePostal": "76170", "departement": "Seine-Maritime", "region": "Normandie"},
  {"nom": "Gonfreville-l'Orcher", "slug": "gonfreville-l-orcher", "codePostal": "76700", "departement": "Seine-Maritime", "region": "Normandie"},
  {"nom": "Harfleur", "slug": "harfleur", "codePostal": "76700", "departement": "Seine-Maritime", "region": "Normandie"},
  {"nom": "Montivilliers", "slug": "montivilliers", "codePostal": "76290", "departement": "Seine-Maritime", "region": "Normandie"},
  {"nom": "Sainte-Adresse", "slug": "sainte-adresse", "codePostal": "76310", "departement": "Seine-Maritime", "region": "Normandie"},
  {"nom": "Lorient", "slug": "lorient", "codePostal": "56100", "departement": "Morbihan", "region": "Bretagne"},
  {"nom": "Vannes", "slug": "vannes", "codePostal": "56000", "departement": "Morbihan", "region": "Bretagne"},
  {"nom": "Lanester", "slug": "lanester", "codePostal": "56600", "departement": "Morbihan", "region": "Bretagne"},
  {"nom": "Ploemeur", "slug": "ploemeur", "codePostal": "56270", "departement": "Morbihan", "region": "Bretagne"},
  {"nom": "Hennebont", "slug": "hennebont", "codePostal": "56700", "departement": "Morbihan", "region": "Bretagne"},
  {"nom": "Pontivy", "slug": "pontivy", "codePostal": "56300", "departement": "Morbihan", "region": "Bretagne"},
  {"nom": "Auray", "slug": "auray", "codePostal": "56400", "departement": "Morbihan", "region": "Bretagne"},
  {"nom": "Saint-Brieuc", "slug": "saint-brieuc", "codePostal": "22000", "departement": "Côtes-d'Armor", "region": "Bretagne"},
  {"nom": "Lamballe", "slug": "lamballe", "codePostal": "22400", "departement": "Côtes-d'Armor", "region": "Bretagne"},
  {"nom": "Lannion", "slug": "lannion", "codePostal": "22300", "departement": "Côtes-d'Armor", "region": "Bretagne"},
  {"nom": "Dinan", "slug": "dinan", "codePostal": "22100", "departement": "Côtes-d'Armor", "region": "Bretagne"},
  {"nom": "Guingamp", "slug": "guingamp", "codePostal": "22200", "departement": "Côtes-d'Armor", "region": "Bretagne"},
  {"nom": "Quimper", "slug": "quimper", "codePostal": "29000", "departement": "Finistère", "region": "Bretagne"},
  {"nom": "Concarneau", "slug": "concarneau", "codePostal": "29900", "departement": "Finistère", "region": "Bretagne"},
  {"nom": "Morlaix", "slug": "morlaix", "codePostal": "29600", "departement": "Finistère", "region": "Bretagne"},
  {"nom": "Douarnenez", "slug": "douarnenez", "codePostal": "29100", "departement": "Finistère", "region": "Bretagne"},
  {"nom": "Landerneau", "slug": "landerneau", "codePostal": "29800", "departement": "Finistère", "region": "Bretagne"},
  {"nom": "Saint-Malo", "slug": "saint-malo", "codePostal": "35400", "departement": "Ille-et-Vilaine", "region": "Bretagne"},
  {"nom": "Fougères", "slug": "fougeres", "codePostal": "35300", "departement": "Ille-et-Vilaine", "region": "Bretagne"},
  {"nom": "Vitré", "slug": "vitre", "codePostal": "35500", "departement": "Ille-et-Vilaine", "region": "Bretagne"},
  {"nom": "Cesson-Sévigné", "slug": "cesson-sevigne", "codePostal": "35510", "departement": "Ille-et-Vilaine", "region": "Bretagne"},
  {"nom": "Saint-Jacques-de-la-Lande", "slug": "saint-jacques-de-la-lande", "codePostal": "35136", "departement": "Ille-et-Vilaine", "region": "Bretagne"},
  {"nom": "Bruz", "slug": "bruz", "codePostal": "35170", "departement": "Ille-et-Vilaine", "region": "Bretagne"},
  {"nom": "Chartres-de-Bretagne", "slug": "chartres-de-bretagne", "codePostal": "35131", "departement": "Ille-et-Vilaine", "region": "Bretagne"},
  {"nom": "Saint-Nazaire", "slug": "saint-nazaire", "codePostal": "44600", "departement": "Loire-Atlantique", "region": "Pays de la Loire"},
  {"nom": "Rezé", "slug": "reze", "codePostal": "44400", "departement": "Loire-Atlantique", "region": "Pays de la Loire"},
  {"nom": "Saint-Herblain", "slug": "saint-herblain", "codePostal": "44800", "departement": "Loire-Atlantique", "region": "Pays de la Loire"},
  {"nom": "Orvault", "slug": "orvault", "codePostal": "44700", "departement": "Loire-Atlantique", "region": "Pays de la Loire"},
  {"nom": "Vertou", "slug": "vertou", "codePostal": "44120", "departement": "Loire-Atlantique", "region": "Pays de la Loire"},
  {"nom": "Couëron", "slug": "coueron", "codePostal": "44220", "departement": "Loire-Atlantique", "region": "Pays de la Loire"},
  {"nom": "Carquefou", "slug": "carquefou", "codePostal": "44470", "departement": "Loire-Atlantique", "region": "Pays de la Loire"},
  {"nom": "Bouguenais", "slug": "bouguenais", "codePostal": "44340", "departement": "Loire-Atlantique", "region": "Pays de la Loire"},
  {"nom": "La Chapelle-sur-Erdre", "slug": "la-chapelle-sur-erdre", "codePostal": "44240", "departement": "Loire-Atlantique", "region": "Pays de la Loire"},
  {"nom": "Sainte-Luce-sur-Loire", "slug": "sainte-luce-sur-loire", "codePostal": "44980", "departement": "Loire-Atlantique", "region": "Pays de la Loire"},
  {"nom": "Laval", "slug": "laval", "codePostal": "53000", "departement": "Mayenne", "region": "Pays de la Loire"},
  {"nom": "Mayenne", "slug": "mayenne", "codePostal": "53100", "departement": "Mayenne", "region": "Pays de la Loire"},
  {"nom": "Château-Gontier", "slug": "chateau-gontier", "codePostal": "53200", "departement": "Mayenne", "region": "Pays de la Loire"},
  {"nom": "Cholet", "slug": "cholet", "codePostal": "49300", "departement": "Maine-et-Loire", "region": "Pays de la Loire"},
  {"nom": "Saumur", "slug": "saumur", "codePostal": "49400", "departement": "Maine-et-Loire", "region": "Pays de la Loire"},
  {"nom": "Avrillé", "slug": "avrille", "codePostal": "49240", "departement": "Maine-et-Loire", "region": "Pays de la Loire"},
  {"nom": "Les Ponts-de-Cé", "slug": "les-ponts-de-ce", "codePostal": "49130", "departement": "Maine-et-Loire", "region": "Pays de la Loire"},
  {"nom": "Trélazé", "slug": "trelaze", "codePostal": "49800", "departement": "Maine-et-Loire", "region": "Pays de la Loire"},
  {"nom": "Saint-Barthélemy-d'Anjou", "slug": "saint-barthelemy-d-anjou", "codePostal": "49124", "departement": "Maine-et-Loire", "region": "Pays de la Loire"},
  {"nom": "La Roche-sur-Yon", "slug": "la-roche-sur-yon", "codePostal": "85000", "departement": "Vendée", "region": "Pays de la Loire"},
  {"nom": "Les Sables-d'Olonne", "slug": "les-sables-d-olonne", "codePostal": "85100", "departement": "Vendée", "region": "Pays de la Loire"},
  {"nom": "Challans", "slug": "challans", "codePostal": "85300", "departement": "Vendée", "region": "Pays de la Loire"},
  {"nom": "Fontenay-le-Comte", "slug": "fontenay-le-comte", "codePostal": "85200", "departement": "Vendée", "region": "Pays de la Loire"},
  {"nom": "Luçon", "slug": "lucon", "codePostal": "85400", "departement": "Vendée", "region": "Pays de la Loire"},
  {"nom": "Sablé-sur-Sarthe", "slug": "sable-sur-sarthe", "codePostal": "72300", "departement": "Sarthe", "region": "Pays de la Loire"},
  {"nom": "La Flèche", "slug": "la-fleche", "codePostal": "72200", "departement": "Sarthe", "region": "Pays de la Loire"},
  {"nom": "Allonnes", "slug": "allonnes", "codePostal": "72700", "departement": "Sarthe", "region": "Pays de la Loire"},
  {"nom": "Coulaines", "slug": "coulaines", "codePostal": "72190", "departement": "Sarthe", "region": "Pays de la Loire"},
  {"nom": "Niort", "slug": "niort", "codePostal": "79000", "departement": "Deux-Sèvres", "region": "Nouvelle-Aquitaine"},
  {"nom": "Bressuire", "slug": "bressuire", "codePostal": "79300", "departement": "Deux-Sèvres", "region": "Nouvelle-Aquitaine"},
  {"nom": "Parthenay", "slug": "parthenay", "codePostal": "79200", "departement": "Deux-Sèvres", "region": "Nouvelle-Aquitaine"},
  {"nom": "Thouars", "slug": "thouars", "codePostal": "79100", "departement": "Deux-Sèvres", "region": "Nouvelle-Aquitaine"},
  {"nom": "Angoulême", "slug": "angouleme", "codePostal": "16000", "departement": "Charente", "region": "Nouvelle-Aquitaine"},
  {"nom": "Cognac", "slug": "cognac", "codePostal": "16100", "departement": "Charente", "region": "Nouvelle-Aquitaine"},
  {"nom": "Soyaux", "slug": "soyaux", "codePostal": "16800", "departement": "Charente", "region": "Nouvelle-Aquitaine"},
  {"nom": "Saintes", "slug": "saintes", "codePostal": "17100", "departement": "Charente-Maritime", "region": "Nouvelle-Aquitaine"},
  {"nom": "Rochefort", "slug": "rochefort", "codePostal": "17300", "departement": "Charente-Maritime", "region": "Nouvelle-Aquitaine"},
  {"nom": "Royan", "slug": "royan", "codePostal": "17200", "departement": "Charente-Maritime", "region": "Nouvelle-Aquitaine"},
  {"nom": "Jonzac", "slug": "jonzac", "codePostal": "17500", "departement": "Charente-Maritime", "region": "Nouvelle-Aquitaine"},
  {"nom": "Mérignac", "slug": "merignac", "codePostal": "33700", "departement": "Gironde", "region": "Nouvelle-Aquitaine"},
  {"nom": "Pessac", "slug": "pessac", "codePostal": "33600", "departement": "Gironde", "region": "Nouvelle-Aquitaine"},
  {"nom": "Talence", "slug": "talence", "codePostal": "33400", "departement": "Gironde", "region": "Nouvelle-Aquitaine"},
  {"nom": "Villenave-d'Ornon", "slug": "villenave-d-ornon", "codePostal": "33140", "departement": "Gironde", "region": "Nouvelle-Aquitaine"},
  {"nom": "Bègles", "slug": "begles", "codePostal": "33130", "departement": "Gironde", "region": "Nouvelle-Aquitaine"},
  {"nom": "Le Bouscat", "slug": "le-bouscat", "codePostal": "33110", "departement": "Gironde", "region": "Nouvelle-Aquitaine"},
  {"nom": "Cenon", "slug": "cenon", "codePostal": "33150", "departement": "Gironde", "region": "Nouvelle-Aquitaine"},
  {"nom": "Floirac", "slug": "floirac", "codePostal": "33270", "departement": "Gironde", "region": "Nouvelle-Aquitaine"},
  {"nom": "Lormont", "slug": "lormont", "codePostal": "33310", "departement": "Gironde", "region": "Nouvelle-Aquitaine"},
  {"nom": "Gradignan", "slug": "gradignan", "codePostal": "33170", "departement": "Gironde", "region": "Nouvelle-Aquitaine"},
  {"nom": "Eysines", "slug": "eysines", "codePostal": "33320", "departement": "Gironde", "region": "Nouvelle-Aquitaine"},
  {"nom": "Saint-Médard-en-Jalles", "slug": "saint-medard-en-jalles", "codePostal": "33160", "departement": "Gironde", "region": "Nouvelle-Aquitaine"},
  {"nom": "Libourne", "slug": "libourne", "codePostal": "33500", "departement": "Gironde", "region": "Nouvelle-Aquitaine"},
  {"nom": "Arcachon", "slug": "arcachon", "codePostal": "33120", "departement": "Gironde", "region": "Nouvelle-Aquitaine"},
  {"nom": "La Teste-de-Buch", "slug": "la-teste-de-buch", "codePostal": "33260", "departement": "Gironde", "region": "Nouvelle-Aquitaine"},
  {"nom": "Gujan-Mestras", "slug": "gujan-mestras", "codePostal": "33470", "departement": "Gironde", "region": "Nouvelle-Aquitaine"},
  {"nom": "Blanquefort", "slug": "blanquefort", "codePostal": "33290", "departement": "Gironde", "region": "Nouvelle-Aquitaine"},
  {"nom": "Bruges", "slug": "bruges", "codePostal": "33520", "departement": "Gironde", "region": "Nouvelle-Aquitaine"},
  {"nom": "Dax", "slug": "dax", "codePostal": "40100", "departement": "Landes", "region": "Nouvelle-Aquitaine"},
  {"nom": "Mont-de-Marsan", "slug": "mont-de-marsan", "codePostal": "40000", "departement": "Landes", "region": "Nouvelle-Aquitaine"},
  {"nom": "Biscarrosse", "slug": "biscarrosse", "codePostal": "40600", "departement": "Landes", "region": "Nouvelle-Aquitaine"},
  {"nom": "Saint-Paul-lès-Dax", "slug": "saint-paul-les-dax", "codePostal": "40990", "departement": "Landes", "region": "Nouvelle-Aquitaine"},
  {"nom": "Oloron-Sainte-Marie", "slug": "oloron-sainte-marie", "codePostal": "64400", "departement": "Pyrénées-Atlantiques", "region": "Nouvelle-Aquitaine"},
  {"nom": "Orthez", "slug": "orthez", "codePostal": "64300", "departement": "Pyrénées-Atlantiques", "region": "Nouvelle-Aquitaine"},
  {"nom": "Hendaye", "slug": "hendaye", "codePostal": "64700", "departement": "Pyrénées-Atlantiques", "region": "Nouvelle-Aquitaine"},
  {"nom": "Saint-Jean-de-Luz", "slug": "saint-jean-de-luz", "codePostal": "64500", "departement": "Pyrénées-Atlantiques", "region": "Nouvelle-Aquitaine"},
  {"nom": "Mourenx", "slug": "mourenx", "codePostal": "64150", "departement": "Pyrénées-Atlantiques", "region": "Nouvelle-Aquitaine"},
  {"nom": "Lons", "slug": "lons", "codePostal": "64140", "departement": "Pyrénées-Atlantiques", "region": "Nouvelle-Aquitaine"},
  {"nom": "Billère", "slug": "billere", "codePostal": "64140", "departement": "Pyrénées-Atlantiques", "region": "Nouvelle-Aquitaine"},
  {"nom": "Lescar", "slug": "lescar", "codePostal": "64230", "departement": "Pyrénées-Atlantiques", "region": "Nouvelle-Aquitaine"}
]
